"Name","Effect"
"adaptability","Increases the Same Type Attack Bonus from *1.5 to *2."
"aerilate","Normal-type moves become Flying-type moves. The power of those moves is boosted a little."
"aftermath","Damages the attacker if it knocks out the Pokémon with a move that makes direct contact."
"air-lock","Eliminates the effects of weather."
"analytic","Boosts the power of the Pokémon's move if it is the last to act that turn."
"anger-point","The Pokémon is angered when it takes a critical hit, and that maxes its Attack stat."
"anger-shell","When an attack causes its HP to drop to half or less, the Pokémon gets angry. This lowers its Defense and Sp. Def stats but boosts its Attack, Sp. Atk, and Speed stats."
"anticipation","The Pokémon can sense an opposing Pokémon's dangerous moves."
"arena-trap","Prevents opposing Pokémon from fleeing from battle."
"armor-tail","The mysterious tail covering the Pokémon's head makes opponents unable to use priority moves against the Pokémon or its allies."
"aroma-veil","Protects the Pokémon and its allies from effects that prevent the use of moves."
"as-one-glastrier","This Ability combines the effects of both Calyrex's Unnerve Ability and Glastrier's Chilling Neigh Ability."
"as-one-spectrier","This Ability combines the effects of both Calyrex's Unnerve Ability and Spectrier's Grim Neigh Ability."
"aura-break","The effects of “Aura” Abilities are reversed to lower the power of affected moves."
"bad-dreams","Damages opposing Pokémon that are asleep."
"ball-fetch","If the Pokémon is not holding an item, it will fetch the Poké Ball from the first failed throw of the battle."
"battery","Powers up ally Pokémon's special moves."
"battle-armor","Hard armor protects the Pokémon from critical hits."
"battle-bond","When the Pokémon knocks out a target, its bond with its Trainer is strengthened, and its Attack, Sp. Atk, and Speed stats are boosted."
"beads-of-ruin","The power of the Pokémon's ruinous beads lowers the Sp. Def stats of all Pokémon except itself."
"beast-boost","The Pokémon boosts its most proficient stat each time it knocks out a Pokémon."
"berserk","Boosts the Pokémon's Sp. Atk stat when it takes a  hit that causes its HP to become half or less."
"big-pecks","Prevents the Pokémon from having its Defense stat lowered."
"blaze","Powers up Fire-type moves when the Pokémon's HP is low."
"bulletproof","Protects the Pokémon from some ball and bomb moves."
"cheek-pouch","The Pokémon's HP is restored when it eats any Berry, in addition to the Berry's usual effect."
"chilling-neigh","When the Pokémon knocks out a target, it utters a chilling neigh, which boosts its Attack stat."
"chlorophyll","Boosts the Pokémon's Speed stat in harsh sunlight."
"clear-body","Prevents other Pokémon's moves or Abilities from lowering the Pokémon's stats."
"cloud-nine","Eliminates the effects of weather."
"color-change","The Pokémon’s type becomes the type of the move used on it."
"comatose","The Pokémon is always drowsing and will never wake up. It can attack while in its sleeping state."
"commander","When the Pokémon enters a battle, it goes inside the mouth of an ally Dondozo if one is on the field. The Pokémon then issues commands from there."
"competitive","Boosts the Pokémon's Sp. Atk stat sharply when its stats are lowered by an opposing Pokémon."
"compound-eyes","The Pokémon's compound eyes boost its accuracy."
"contrary","Reverses any stat changes affecting the Pokémon so that attempts to boost its stats instead lower them—and attempts to lower its stats will boost them."
"corrosion","The Pokémon can poison the target even if it's a Steel or Poison type."
"costar","When the Pokémon enters a battle, it copies an ally's stat changes."
"cotton-down","When the Pokémon is hit by an attack, it scatters cotton fluff around and lowers the Speed stat of all Pokémon except itself."
"cud-chew","When the Pokémon eats a Berry, it will regurgitate that Berry at the end of the next turn and eat it one more time."
"curious-medicine","When the Pokémon enters a battle, it scatters medicine from its shell, which removes all stat changes from allies."
"cursed-body","May disable a move that has dealt damage to the Pokémon."
"cute-charm","The Pokémon may infatuate attackers that make direct contact with it."
"damp","The Pokémon dampens its surroundings, preventing all Pokémon from using explosive moves such as Self-Destruct."
"dancer","Whenever a dance move is used in battle, the Pokémon will copy the user to immediately perform that dance move itself."
"dark-aura","Powers up each Pokémon’s Dark-type moves."
"dauntless-shield","Boosts the Pokémon’s Defense stat the first time the Pokémon enters a battle."
"dazzling","The Pokémon dazzles its opponents, making them unable to use priority moves against the Pokémon or its allies."
"defeatist","Halves the Pokémon’s Attack and Sp. Atk stats when its HP becomes half or less."
"defiant","If the Pokémon has any stat lowered by an opposing Pokémon, its Attack stat will be boosted sharply."
"delta-stream","The Pokémon changes the weather to eliminate all of the Flying type’s weaknesses."
"desolate-land","The Pokémon changes the weather to nullify Water-type attacks."
"disguise","Once per battle, the shroud that covers the Pokémon can protect it from an attack."
"download","The Pokémon compares an opposing Pokémon's Defense and Sp. Def stats before raising its own Attack or Sp. Atk stat—whichever will be more effective."
"dragonize","The Pokémon's Normal-type moves become Dragon-type moves and their power is boosted by 20%."
"dragons-maw","Powers up Dragon-type moves."
"drizzle","The Pokémon makes it rain when it enters a battle."
"drought","Turns the sunlight harsh when the Pokémon enters a battle."
"dry-skin","Restores the Pokémon's HP in rain or when it is hit by Water-type moves. Reduces HP in harsh sunlight, and increases the damage received from Fire-type moves."
"early-bird","The Pokémon awakens from sleep twice as fast as other Pokémon."
"earth-eater","If hit by a Ground-type move, the Pokémon has its HP restored instead of taking damage."
"effect-spore","Contact with the Pokémon may inflict poison, sleep, or paralysis on the attacker."
"electric-surge","Turns the ground into Electric Terrain when the Pokémon enters a battle."
"electromorphosis","The Pokémon becomes charged when it takes damage, boosting the power of the next Electric-type move the Pokémon uses."
"embody-aspect","The Pokémon's heart fills with memories, causing the Mask to shine and one of the Pokémon's stats to be boosted."
"emergency-exit","The Pokémon, sensing danger, switches out when its HP becomes half or less."
"fairy-aura","Powers up every Pokémon in play's Fairy-type moves by 33%"
"filter","Reduces the power of supereffective attacks that hit the Pokémon."
"flame-body","Contact with the Pokémon may burn the attacker."
"flare-boost","Powers up special moves when the Pokémon is burned."
"flash-fire","If hit by a Fire-type move, the Pokémon absorbs the flames and uses them to power up its own Fire-type moves."
"flower-gift","Boosts the Attack and Sp. Def stats of itself and allies in harsh sunlight."
"flower-veil","Ally Grass-type Pokémon are protected from status conditions and the lowering of their stats."
"fluffy","Halves the damage taken from moves that make direct contact, but doubles that of Fire-type moves."
"forecast","The Pokémon transforms with the weather to change its type to Water, Fire, or Ice."
"forewarn","When it enters a battle, the Pokémon can tell one of the moves an opposing Pokémon has."
"friend-guard","Reduces damage dealt to allies."
"frisk","When it enters a battle, the Pokémon can check an opposing Pokémon's held item."
"full-metal-body","Prevents other Pokémon’s moves or Abilities from lowering the Pokémon’s stats."
"fur-coat","Halves the damage from physical moves."
"gale-wings","Gives priority to the Pokémon's Flying-type moves while its HP is full."
"galvanize","Normal-type moves become Electric-type moves. The power of those moves is boosted a little."
"gluttony","If the Pokémon is holding a Berry to be eaten when its HP is low, it will instead eat the Berry when its HP drops to half or less."
"good-as-gold","A body of pure, solid gold gives the Pokémon full immunity to other Pokémon's status moves."
"gooey","Contact with the Pokémon lowers the attacker's Speed stat."
"gorilla-tactics","Boosts the Pokémon’s Attack stat but only allows the use of the first selected move."
"grass-pelt","Boosts the Pokémon's Defense stat on Grassy Terrain."
"grassy-surge","Turns the ground into Grassy Terrain when the Pokémon enters a battle."
"grim-neigh","When the Pokémon knocks out a target, it utters a terrifying neigh, which boosts its Sp. Atk stat."
"guard-dog","Boosts the Pokémon’s Attack stat if intimidated. Moves and items that would force the Pokémon to switch out also fail to work."
"gulp-missile","When the Pokémon uses Surf or Dive, it will come back with prey. When it takes damage, it will spit out the prey to attack."
"guts","It's so gutsy that having a status condition boosts the Pokémon's Attack stat."
"hadron-engine","Turns the ground into Electric Terrain when the Pokémon enters a battle. The futuristic engine within the Pokémon also boosts its Sp. Atk stat on Electric Terrain."
"harvest","May create another Berry after one is used."
"healer","Sometimes cures the status conditions of the Pokémon's allies."
"heatproof","The Pokémon's heatproof body halves the damage taken from Fire-type moves."
"heavy-metal","Doubles the Pokémon's weight."
"honey-gather","The Pokémon may gather Honey after a battle."
"hospitality","When the Pokémon enters a battle, it showers its ally with hospitality, restoring a small amount of the ally's HP"
"huge-power","The Pokémon's Attack stat is doubled while it has this ability."
"hunger-switch","The Pokémon changes its form, alternating between its Full Belly Mode and Hangry Mode after the end of every turn."
"hustle","Boosts the Pokémon's Attack stat but lowers its accuracy."
"hydration","Cures the Pokémon's status conditions in rain."
"hyper-cutter","The Pokémon's prized, mighty pincers prevent other Pokémon from lowering its Attack stat."
"ice-body","The Pokémon gradually regains HP in snow."
"ice-face","The Pokémon's ice head can take a physical attack as a substitute, but the attack also changes the Pokémon's appearance. The ice will be restored when it snows."
"ice-scales","The Pokémon is protected by ice scales, which halve the damage taken from special moves."
"illuminate","By illuminating its surroundings, the Pokémon prevents its accuracy from being lowered."
"illusion","The Pokémon fools opponents by entering battle disguised as the last Pokémon in its Trainer's party."
"immunity","The Pokémon's immune system prevents it from being poisoned."
"imposter","The Pokémon transforms itself into the Pokémon it's facing."
"infiltrator","The protections and stat boosts caused by the moves Substitute, Reflect, Light Screen and Safeguard by the opponent are ignored."
"innards-out","Damages the attacker landing the finishing hit by the amount equal to its last HP."
"inner-focus","The Pokémon's intense focus prevents it from flinching or being affected by Intimidate."
"insomnia","The Pokémon's insomnia prevents it from falling asleep."
"intimidate","When the Pokémon enters a battle, it intimidates opposing Pokémon and makes them cower, lowering their Attack stats."
"intrepid-sword","Boosts the Pokémon’s Attack stat the first time the Pokémon enters a battle."
"iron-barbs","Inflicts damage on the attacker upon contact with iron barbs."
"iron-fist","The power of punching moves is increased by 20%. This stacks with"
"justified","When the Pokémon is hit by a Dark-type attack, its Attack stat is boosted by its sense of justice."
"keen-eye","The Pokémon's keen eyes prevent its accuracy from being lowered."
"klutz","The Pokémon can't use any held items."
"leaf-guard","Prevents status conditions in harsh sunlight."
"levitate","Damage dealing Ground-type moves have no effect on this Pokémon. Cannot be trapped by Arena Trap ability. Takes no damage from Spikes."
"libero","Changes the Pokémon's type to the type of the move it's about to use. This works only once each time the Pokémon enters battle."
"light-metal","Halves the Pokémon's weight."
"lightning-rod","The Pokémon draws in all Electric-type moves. Instead of taking damage from them, its Sp. Atk stat is boosted."
"limber","The Pokémon's limber body prevents it from being paralyzed."
"lingering-aroma","Contact with the Pokémon changes the attacker's Ability to Lingering Aroma."
"liquid-ooze","The strong stench of the Pokémon's oozed liquid damages attackers that use HP-draining moves."
"liquid-voice","Sound-based moves become Water-type moves."
"long-reach","The Pokémon uses its moves without making contact with the target."
"magic-bounce","Reflects non-attacking moves used on the Pokémon back to the attacking Pokémon"
"magic-guard","The Pokémon only takes damage from attacks."
"magician","The Pokémon steals the held item from any target it hits with a move."
"magma-armor","The Pokémon’s hot magma coating prevents it from being frozen."
"magnet-pull","Prevents Steel-type Pokémon from fleeing by pulling them in with magnetism."
"marvel-scale","The Pokémon's marvelous scales boost its Defense stat if it has a status condition."
"mega-launcher","Powers up pulse moves."
"mega-sol","Even when the sunlight has not turned harsh, the Pokémon can use its moves as if the weather were harsh sunlight."
"merciless","The Pokémon's attacks become critical hits if the target is poisoned."
"mimicry","Changes the Pokémon’s type depending on the terrain."
"minds-eye","The Pokémon ignores changes to opponents' evasiveness, its accuracy can't be lowered, and it can hit Ghost types with Normal-type and Fighting-type moves"
"minus","Boosts the Sp. Atk stat of the Pokémon if an ally with the Plus or Minus Ability is also in battle."
"mirror-armor","Bounces back only the stat-lowering effects that the Pokémon receives."
"misty-surge","Turns the ground into Misty Terrain when the Pokémon enters a battle."
"mold-breaker","The Pokémon's moves are not affected by foe’s abilities during battle"
"moody","Every turn, one of the Pokémon's stats will be boosted sharply but another stat will be lowered."
"motor-drive","The Pokémon takes no damage when hit by Electric-type moves. Instead, its Speed stat is boosted."
"moxie","When the Pokémon knocks out a target, it shows moxie, which boosts its Attack stat."
"multiscale","Reduces damage afflicted to the Pokémon by 50% if at maximum HP"
"multitype","Changes the Pokémon's type to match the plate it holds."
"mummy","Contact with the Pokémon changes the attacker’s Ability to Mummy."
"mycelium-might","The Pokémon will always act more slowly when using status moves, but these moves will be unimpeded by the Ability of the target."
"natural-cure","The Pokémon's status conditions are cured when it switches out."
"neuroforce","Powers up moves that are super effective."
"neutralizing-gas","While the Pokémon is in the battle, the effects of all other Pokémon's Abilities will be nullified or will not be triggered."
"no-guard","The accuracy of all moves known by this Pokémon and all Pokémon targeting this Pokémon raises to 100%"
"normalize","All the Pokémon’s moves become Normal type. The power of those moves is boosted a little."
"oblivious","The Pokémon is oblivious, keeping it from being infatuated, falling for taunts, or being affected by Intimidate."
"opportunist","If an opponent's stat is boosted, the Pokémon seizes the opportunity to boost the same stat for itself."
"orichalcum-pulse","Turns the sunlight harsh when the Pokémon enters a battle. The ancient pulse thrumming through the Pokémon also boosts its Attack stat in harsh sunlight."
"overcoat","The Pokémon takes no damage from sandstorms. It is also protected from the effects of powders and spores."
"overgrow","Powers up Grass-type moves when the Pokémon's HP is low."
"own-tempo","The Pokémon sticks to its own tempo, preventing it from becoming confused or being affected by Intimidate."
"parental-bond","Parent and child each attacks."
"pastel-veil","Protects the Pokémon and its ally Pokémon from being poisoned."
"perish-body","When hit by a move that makes direct contact, the Pokémon and the attacker will faint after three turns unless they switch out of battle."
"pickpocket","The Pokémon steals the held item from attackers that made direct contact with it."
"pickup","The Pokémon may pick up an item another Pokémon used during a battle. It may pick up items outside of battle, too."
"piercing-drill","When the Pokémon uses contact moves, it can hit even targets that are protecting themselves, dealing 1/4 of the damage that the move would otherwise deal. Everything aside from the target's protective effects is still triggered."
"pixilate","Normal-type moves become Fairy-type moves. The power of those moves is boosted a little."
"plus","Boosts the Sp. Atk stat of the Pokémon if an ally with the Plus or Minus Ability is also in battle."
"poison-heal","If poisoned, the Pokémon has its HP restored instead of taking damage."
"poison-point","Contact with the Pokémon may poison the attacker."
"poison-puppeteer","Pokémon poisoned by Pecharunt's moves will also become confused."
"poison-touch","May poison a target when the Pokémon makes contact."
"power-construct","Other Cells gather to aid when its HP becomes half or less. Then the Pokémon changes its form to Complete Forme."
"power-spot","Just being next to the Pokémon powers up moves."
"power-of-alchemy","The Pokémon copies the Ability of a defeated ally."
"prankster","Gives priority to the Pokémon's status moves."
"pressure","Puts other Pokémon under pressure, causing them to expend more PP to use their moves."
"primordial-sea","The Pokémon changes the weather to nullify Fire-type attacks."
"prism-armor","Reduces the power of supereffective attacks taken."
"propeller-tail","Ignores the effects of opposing Pokémon's Abilities and moves that draw in moves."
"protean","Before the Pokémon uses a move, it becomes a pure Pokémon of that type. This only works once per switch in."
"protosynthesis","Boosts the Pokémon's most proficient stat in harsh sunlight or if the Pokémon is holding Booster Energy."
"psychic-surge","Turns the ground into Psychic Terrain when the Pokémon enters a battle."
"punk-rock","Boosts the power of sound-based moves. The Pokémon also takes half the damage from these kinds of moves."
"pure-power","Using its pure power, the Pokémon doubles its Attack stat."
"purifying-salt","The Pokémon's pure salt protects it from status conditions and halves the damage taken from Ghost-type moves."
"quark-drive","Boosts the Pokémon's most proficient stat on Electric Terrain or if the Pokémon is holding Booster Energy."
"queenly-majesty","When the Pokémon uses Surf or Dive, it will come back with prey. When it takes damage, it will spit out the prey to attack."
"quick-draw","Enables the Pokémon to move first occasionally."
"quick-feet","Boosts the Speed stat if the Pokémon has a status condition."
"rks-system","Changes the Pokémon’s type to match the memory disc it holds."
"rain-dish","The Pokémon gradually regains HP in rain."
"rattled","The Pokémon gets scared when hit by a Dark-, Ghost-, or Bug-type attack or if intimidated, which boosts its Speed stat."
"receiver","The Pokémon copies the Ability of a defeated ally."
"reckless","Powers up moves that have recoil damage."
"refrigerate","Normal-type moves become Ice-type moves. The power of those moves is boosted a little."
"regenerator","The Pokémon has a little of its HP restored when withdrawn from battle."
"ripen","Ripens Berries and doubles their effect."
"rivalry","The Pokémon's competitive spirit makes it deal more damage to Pokémon of the same gender, but less damage to Pokémon of the opposite gender."
"rock-head","Protects the Pokémon from recoil damage."
"rocky-payload","Powers up Rock-type moves."
"rough-skin","The Pokémon's rough skin damages attackers that make direct contact with it."
"run-away","Enables a sure getaway from wild Pokémon."
"sand-force","Boosts the power of Rock-, Ground-, and Steel-type moves in a sandstorm."
"sand-rush","Boosts the Pokémon's Speed stat in a sandstorm."
"sand-spit","The Pokémon creates a sandstorm when it's hit by an attack."
"sand-stream","The Pokémon summons a sandstorm when it enters a battle."
"sand-veil","Boosts the Pokémon's evasiveness in a sandstorm."
"sap-sipper","The Pokémon takes no damage when hit by Grass-type moves. Instead, its Attack stat is boosted."
"schooling","When it has a lot of HP, the Pokémon forms a powerful school. It stops schooling when its HP is low."
"scrappy","The Pokémon can hit Ghost-type Pokémon with Normal- and Fighting-type moves. It is also unaffected by Intimidate."
"screen-cleaner","When the Pokémon enters a battle, the effects of Light Screen, Reflect, and Aurora Veil are nullified for both opposing and ally Pokémon."
"seed-sower","Turns the ground into Grassy Terrain when the Pokémon is hit by an attack."
"serene-grace","Raises the likelihood of additional effects occurring when the Pokémon uses its moves."
"shadow-shield","Reduces the amount of damage the Pokémon takes while its HP is full."
"shadow-tag","The Pokémon steps on the opposing Pokémon's shadows to prevent them from fleeing or switching out."
"sharpness","Powers up slicing moves."
"shed-skin","The Pokémon may cure its own status conditions by shedding its skin."
"sheer-force","Removes any additional effects from the Pokémon's moves, but increases the moves' power."
"shell-armor","A hard shell protects the Pokémon from critical hits."
"shield-dust","Protective dust shields the Pokémon from the additional effects of moves."
"shields-down","When its HP drops to half or less, the Pokémon's shell breaks and it becomes aggressive."
"simple","Doubles the effects of the Pokémon's stat changes."
"skill-link","Maximizes the number of times multistrike moves hit."
"slow-start","For five turns, the Pokémon's Attack and Speed stats are halved."
"slush-rush","Boosts the Pokémon's Speed stat in snow."
"sniper","If the Pokémon's attack lands a critical hit, the attack is powered up even further."
"snow-cloak","Boosts the Pokémon's evasiveness in snow."
"snow-warning","Snowstorm blows when the Pokémon enters battle. As of X & Y, this lasts 5 turns."
"solar-power","In harsh sunlight, the Pokémon's Sp. Atk stat is boosted, but its HP decreases every turn."
"solid-rock","Reduces the power of supereffective attacks that hit the Pokémon."
"soul-heart","Boosts the Pokémon's Sp. Atk stat every time another Pokémon faints."
"soundproof","Soundproofing gives the Pokémon full immunity to all sound-based moves."
"speed-boost","The Pokémon's Speed stat is boosted every turn."
"spicy-spray","When the Pokémon takes damage from a move, it burns the attacker."
"stakeout","Doubles the damage dealt to a target that has just switched into battle."
"stall","The Pokémon is always the last to use its moves."
"stalwart","Ignores the effects of opposing Pokémon's Abilities and moves that draw in moves."
"stamina","Boosts the Defense stat when the Pokémon is hit by an attack."
"stance-change","The Pokémon changes its form to Blade Forme when it uses an attack move and changes to Shield Forme when it uses King’s Shield."
"static","The Pokémon is charged with static electricity and may paralyze attackers that make direct contact with it."
"steadfast","The Pokémon's determination boosts its Speed stat every time it flinches."
"steam-engine","Boosts the Speed stat drastically when the Pokémon is hit by a Fire- or Water-type move."
"steelworker","Powers up Steel-type moves."
"steely-spirit","Powers up the Steel-type moves of the Pokémon and its allies."
"stench","By releasing a stench when attacking, the Pokémon may cause the target to flinch."
"sticky-hold","The Pokémon's held items cling to its sticky body and cannot be removed by other Pokémon."
"storm-drain","The Pokémon draws in all Water-type moves. Instead of taking damage from them, its Sp. Atk stat is boosted."
"strong-jaw","The Pokémon's strong jaw boosts the power of its biting moves."
"sturdy","The Pokémon cannot be knocked out by a single hit as long as its HP is full. One-hit KO moves will also fail to knock it out."
"suction-cups","The Pokémon uses suction cups to stay in one spot. This protects it from moves and items that would force it to switch out."
"super-luck","The Pokémon is so lucky that the critical-hit ratios of its moves are boosted."
"supersweet-syrup","Lowers the evasion of opposing Pokémon by 1 stage when first sent into battle"
"supreme-overlord","When the Pokémon enters a battle, its Attack and Sp. Atk stats are slightly boosted for each of the allies in its party that have already been defeated."
"surge-surfer","Doubles the Pokémon's Speed stat on Electric Terrain."
"swarm","Powers up Bug-type moves when the Pokémon's HP is low."
"sweet-veil","Prevents the Pokémon and its allies from falling asleep."
"swift-swim","Boosts the Pokémon's Speed stat in rain."
"sword-of-ruin","The power of the Pokémon's ruinous sword lowers the Defense stats of all Pokémon except itself."
"symbiosis","The Pokémon passes its held item to an ally that has used up an item."
"synchronize","If the Pokémon is burned, paralyzed, or poisoned by another Pokémon, that Pokémon will be inflicted with the same status condition."
"tablets-of-ruin","The power of the Pokémon's ruinous wooden tablets lowers the Attack stats of all Pokémon except itself."
"tangled-feet","Boosts the Pokémon's evasiveness if it is confused."
"tangling-hair","Contact with the Pokémon lowers the attacker's Speed stat."
"technician","Powers up weak moves so the Pokémon can deal more damage with them."
"telepathy","The Pokémon anticipates and dodges the attacks of its allies."
"tera-shell","The Pokémon's shell contains the powers of each type. All damage-dealing moves that hit the Pokémon when its HP is full will not be very effective."
"tera-shift","When the Pokémon enters a battle, it absorbs the energy around itself and transforms into its Terastal Form."
"teraform-zero","When Terapagos changes into its Stellar Form, it uses its hidden powers to eliminate all effects of weather and terrain, reducing them to zero."
"teravolt","The Pokémon's moves are unimpeded by the Ability of the target."
"thermal-exchange","Boosts the Attack stat when the Pokémon is hit by a Fire-type move. The Pokémon also cannot be burned."
"thick-fat","The Pokémon is protected by a layer of thick fat, which halves the damage taken from Fire- and Ice-type moves."
"tinted-lens","The Pokémon can use “not very effective” moves to deal regular damage."
"torrent","Powers up Water-type moves when the Pokémon's HP is low."
"tough-claws","Powers up moves that make direct contact."
"toxic-boost","Powers up physical moves when the Pokémon is poisoned."
"toxic-chain","The power of the Pokémon's toxic chain may badly poison any target the Pokémon hits with a move"
"toxic-debris","Scatters poison spikes at the feet of the opposing team when the Pokémon takes damage from physical moves."
"trace","Ability becomes the same as that of the opponent. Switching this Pokémon out of battle restores its original ability. In a Double Battle, a random opponent’s ability will be copied."
"transistor","Powers up Electric-type moves."
"triage","Gives priority to the Pokémon's healing moves."
"truant","Each time the Pokémon uses a move, it spends the next turn loafing around."
"turboblaze","The Pokémon's moves are unimpeded by the Ability of the target."
"unaware","When attacking, the Pokémon ignores the target's stat changes."
"unburden","Boosts the Speed stat if the Pokémon's held item is used or lost."
"unnerve","Unnerves opposing Pokémon and makes them unable to eat Berries."
"unseen-fist","The Pokémon can deal damage with moves that make physical contact, even if the target is protected."
"vessel-of-ruin","The power of the Pokémon's ruinous vessel lowers the Sp. Atk stats of all Pokémon except itself."
"victory-star","Boosts the accuracy of its allies and itself."
"vital-spirit","The Pokémon is full of vitality, and that prevents it from falling asleep."
"volt-absorb","If hit by an Electric-type move, the Pokémon has its HP restored instead of taking damage."
"wandering-spirit","The Pokémon exchanges Abilities with a Pokémon that hits it with a move that makes direct contact."
"water-absorb","If hit by a Water-type move, the Pokémon has its HP restored instead of taking damage."
"water-bubble","Lowers the power of Fire-type moves that hit the Pokémon and prevents it from being burned."
"water-compaction","Boosts the Defense stat sharply when the Pokémon is hit by a Water-type move."
"water-veil","The Pokémon's water veil prevents it from being burned."
"weak-armor","The Pokémon's Defense stat is lowered when it takes damage from physical moves, but its Speed stat is sharply boosted."
"well-baked-body","The Pokémon takes no damage when hit by Fire-type moves. Instead, its Defense stat is sharply boosted."
"white-smoke","The Pokémon is protected by its white smoke, which prevents other Pokémon from lowering its stats."
"wimp-out","The Pokémon cowardly switches out when its HP becomes half or less."
"wind-power","The Pokémon becomes charged when it is hit by a wind move, boosting the power of the next Electric-type move the Pokémon uses."
"wind-rider","Boosts the Pokémon's Attack stat if Tailwind takes effect or if the Pokémon is hit by a wind move. The Pokémon also takes no damage from wind moves."
"wonder-guard","Its mysterious power only lets supereffective moves hit the Pokémon."
"wonder-skin","Makes status moves more likely to miss the Pokémon."
"zen-mode","Changes the Pokémon’s shape when HP is half or less."
"zero-to-hero","The Pokémon transforms into its Hero Form when it switches out."
